avg_score,quizzes_count,avg_time_min,days_since_last,score_trend,avg_mastery,low_mastery_ratio,error_rate,at_risk
61.520190725114055,15.0,8.106252352247497,1.1233521975130034,2.956900602614545,69.30103724619246,0.19227064546821093,0.19147915922748765,0
68.86006613404271,9.0,4.558681815256367,5.847938267726487,3.4579445854417834,68.40473559283176,0.0939765284556208,0.17281744196013887,0
80.51785121966233,9.0,7.867358196069953,5.893864677515621,-1.714311639711333,65.52460297099778,0.14944410185608067,0.19694587972836558,0
34.74419549598784,8.0,7.150592829341731,18.00583116880008,-1.8826086497632297,20.140391473269094,0.4160083014793735,0.4420821570997583,1
54.97630960288099,7.0,7.4730484240066835,3.629122480876722,-0.5260550384288364,31.428367237161865,0.6222489413709837,0.6521119988358863,1
72.81817418588692,10.0,10.897684893358196,2.9312080868157224,2.675031136934173,56.92935247986172,0.1891843663198555,0.15649713286162448,0
53.272154921691815,13.0,7.659990051915296,8.07756272572131,2.870222491829157,74.99619482809314,0.43949543368293426,0.12546080293802941,0
69.32228236213078,9.0,15.741587398021988,5.243228299827989,-0.7790762400637283,40.15135206976167,0.26015671935157536,0.17431765760965764,0
72.31050936300338,12.0,5.502113204382544,0.4451687007489262,-0.7302335244647438,59.846835096499454,0.5392704598652747,0.17321973170082983,0
58.110449167365175,5.0,7.18006607863688,3.420759653629263,-4.055875148639238,40.41623084810967,0.9042364261538782,0.6039987420360157,1
89.6720209004819,10.0,12.170997162349892,3.461442360152198,0.43362535772802446,90.46022009139082,0.0539431476934768,0.16368548753574258,0
73.93853759935915,5.0,8.931816379830574,0.0,1.102563196139764,58.19477621589981,0.0371780409364558,0.16584019229926242,0
58.08328738712523,12.0,7.727490373813665,4.5297200753611335,-0.9687761444667331,71.26685694279024,0.2542342495208358,0.6072716248794097,0
70.55139966140989,8.0,6.512002238365277,0.8127567644213105,0.14112114526785247,57.723949105653766,0.20586061686211646,0.05149530912363795,0
29.2635064434376,4.0,7.527004172847878,14.390888856583567,1.9573952888111847,24.184000902004676,0.5758499877304203,0.6966006364092616,1
44.26030146129146,2.0,7.9344500399641795,13.625189227383792,-2.610654437638032,44.601539315631946,0.8022888472075691,0.6033143991502699,1
74.00101271709697,8.0,4.7108283709156975,0.6627655840497462,3.58228590617773,73.67848915205994,0.2920215105087416,0.05320382169335497,0
60.674831787026264,14.0,1.7298346525642518,4.983986451142329,4.65470042832837,48.52594033117407,0.3495742020547282,0.23729172099402382,0
69.98652593172947,17.0,10.513741280401959,6.252606966193779,4.841292315293603,80.23084567594103,0.0,0.2712960875232339,0
92.13474119932066,13.0,7.216100719697733,5.241670856118079,4.432419363302414,41.1146641247336,0.13133448622133415,0.35681782196313616,0
50.78863596510856,8.0,8.409885279038589,10.932342272833488,-0.7332122712930098,51.99753945674412,0.4294635052438863,0.5612486454520633,1
64.13299979251616,14.0,10.92865205458158,0.0,-1.303294428212279,47.58210888033605,0.10087955649618643,0.3371527587822092,0
57.0468093932916,12.0,4.885980211390352,3.4611657585056244,1.5935521933139145,81.48739865584386,0.1609388241663142,0.34775174324517466,1
56.78374754631295,5.0,11.997735598910962,10.005811535321977,-1.1044198361162958,53.2490449539511,0.8589835038081844,0.5696293097910791,1
90.24303067483277,11.0,3.878368182527397,5.424091265389606,0.9378266986245467,44.367318438134575,0.3592445487352727,0.201349907334865,0
66.14860067974934,14.0,12.853037680378899,10.23094158716126,1.3387622702655573,72.24266830643906,0.3814360236199578,0.1700640657402449,0
77.76689853749065,8.0,10.317980109721894,1.113726650975118,1.8954169049019138,64.30090469109545,0.17734542429398573,0.3040923344239997,0
86.7662183928123,15.0,8.996755708940288,7.25586101333773,1.93306281447446,65.99251773022031,0.28809483689630444,0.23987250277896638,0
69.97271158257624,14.0,6.108029911907094,4.298432419047216,1.0277986963579029,81.07128570366113,0.27169678393540786,0.36688238235403964,0
93.5472433714879,12.0,4.176633712225125,2.6543073759149367,2.1046679012862772,48.0793729894728,0.3156206353976682,0.2099597287096934,0
64.56121069874997,13.0,7.889254002425979,10.105219908193202,1.02581165789498,65.70083494331593,0.10697086294639332,0.14580585282488123,0
67.83474752275772,9.0,5.041251566005863,5.645283762489399,1.575947174972209,49.726218368189336,0.20980296160233927,0.31406465556966956,0
56.54213017690653,20.0,2.044722555462198,0.1567923794625039,0.35278678707832345,62.71176222002425,0.3418901931630467,0.31141576357670897,0
67.06953335173219,9.0,3.8970758449768033,4.7058283347647905,-1.6474688707981204,76.24851006560289,0.09901016435389412,0.1132574954661322,0
38.01830158189234,3.0,10.075653790714403,7.662338461099705,-0.5577274132001413,30.53166713969386,0.5459051020010823,0.7843963959705011,1
93.33124394014274,10.0,2.5167831405420804,6.097590195084663,5.305369963891782,72.40744465411883,0.1694012256897241,0.2615395821270223,0
58.75061494622498,9.0,7.958200791373686,1.3928582564056526,1.5547922292738807,86.9752637156424,0.1714312443570099,0.0600448556079308,0
69.89190873603341,13.0,14.14780684805222,5.260565796174812,1.9754062825240295,67.6630089784801,0.34251638008011864,0.36126107616226,0
68.77511032467245,9.0,0.5,1.5198848592493164,-0.3648326679228917,37.515015826593974,0.0754542333446794,0.1610297049400296,0
42.81421153452087,3.0,5.0961647355403805,5.62597581254986,-0.38290208145155313,34.89849437976879,0.7365472443277054,0.5779529812307055,1
73.85498419054079,13.0,7.847760948757889,6.301951721383681,-1.080321838252461,54.32649774621263,0.2871720575084066,0.2875756630216081,1
49.61586844391015,2.0,12.228033127777882,0.6608960392576115,-5.994537110681711,52.0244355671211,0.8337905167871486,0.42690654707299935,1
58.10089694255688,8.0,16.140673608288523,19.952340784888,-3.341700795618255,49.970270540161906,0.7351327537096223,0.6463818436306079,1
82.88017083565202,5.0,5.331424123452624,0.16047712707993878,4.563633238601648,94.20593477239984,0.42388309004434177,0.3131777441912637,0
48.63636459967113,5.0,8.681081744572767,24.58292816651248,0.288426657026819,38.16023614728052,0.664781715764195,0.5866318567156297,1
72.18737746871685,7.0,9.98710415769977,7.177671216688962,3.251673685770477,70.54478489662044,0.09324320080462734,0.13911915244345216,0
89.44797333926078,11.0,7.934358502910319,2.794022259612386,1.6882087779567043,73.82485631992972,0.04908564983626382,0.21743865389749645,0
77.81827385209495,16.0,11.282455851053514,9.51216002646256,0.5281215499197045,96.67084299690258,0.22533647154769373,0.5079798334711405,0
78.38569367171401,12.0,8.274897692308448,0.0,2.533145337219067,56.251728122375795,0.0036551296660883303,0.2724065382983713,0
56.80341414968367,5.0,4.968428201505821,17.069978742193598,-1.3739952633306005,11.512752453633254,0.26745354072853444,0.5781521060606033,1
73.66421052163739,11.0,4.500889831611965,2.3268133375143556,0.38322274549054713,70.54013572173284,0.17323805037663292,0.41641414937064297,0
79.74650646224553,11.0,3.7712643990436954,1.7447324565594995,1.9940666000309824,77.77814924110174,0.12667484496186127,0.4083626688560321,0
62.444979634799736,13.0,7.227139863870501,4.018050041308214,2.096648131946319,86.31430549766048,0.4671090996404994,0.3202506106481917,0
44.857602348596934,2.0,9.8464389311802,18.204757716975667,-0.5184665820123623,54.8042876156305,0.67208464825228,0.5266452526643448,1
78.59462883662059,11.0,8.2241085306438,8.850623195495823,1.462054232386839,55.96718427032879,0.20354088224585648,0.2753706042952882,0
36.35150277803332,4.0,9.892488073624664,16.31769939782846,-3.4994244573387627,23.417773143302192,0.8188422587724554,0.5181494691692904,1
79.56043767239224,13.0,11.43782353202269,9.383110163801078,3.82961574301181,68.46372145717743,0.27290802445395146,0.3796869733319517,0
83.88503758251419,11.0,3.2955607392655644,8.326914373558733,0.1985105124861677,46.828665195407424,0.06324344356205466,0.14726412911181816,0
41.62118442067229,9.0,8.981468111102618,19.31872592352776,0.8752687854422416,40.838850675533145,0.529935006068558,0.6527741668818606,1
85.8336358035292,19.0,11.4160436994704,4.449527241961841,2.022343836031926,71.65687078743487,0.28670902272928495,0.2600209364329377,0
87.58681486615097,7.0,6.409342903888271,0.6561491107962194,0.7414146928953838,47.70088036389861,0.08306830199217591,0.30948218599418764,0
66.96097897914919,10.0,8.95973464984368,3.16989972974286,0.007822200687666703,70.11907877412415,0.33923983793734414,0.3034473125934318,0
73.19505884538466,10.0,9.102169470578758,0.0,-0.3891989102501099,88.24991094931323,0.34603302440412964,0.4733617776591622,0
71.11475363515589,7.0,8.35095183413144,4.00932565055691,-0.29962667656903497,66.69838892955207,0.19237363802271676,0.2448798331861775,0
42.82935056769461,8.0,9.148911345686306,11.378424866012493,-1.4924074967570817,62.063130042698035,0.20247006918478072,0.27976813833419817,1
82.28125309716815,8.0,5.315550919651349,6.093450517000014,1.4212262451573554,70.01875785456282,0.44094303582843614,0.0,0
41.27761158160553,7.0,7.545666838772805,3.9555720196819415,-5.3162608264505335,36.363677390280664,0.4403866430160754,0.5672724202506985,1
75.78352514363397,8.0,2.8708375027661566,3.0514068862564363,1.930727484127535,78.58151532664439,0.1988518153833372,0.47913125577813687,0
83.00146174564334,8.0,5.54141760790286,5.260680128423758,0.9952065867778073,60.89210931432171,0.11886813074132366,0.18739618162634789,1
49.86764392541222,6.0,1.7575252800784211,0.0,-3.8907179485962056,56.549379511342835,0.6120014898132162,0.773584564348176,1
63.189236056345095,15.0,8.711611108415456,5.854572143995902,4.303760240244977,87.8777316507726,0.0698062850865184,0.49886620723994296,0
74.81583951261307,14.0,5.553302563891237,6.998008997423467,1.3948268259155638,81.14089213641927,0.15292635140050798,0.27355735111829427,0
81.94497841498104,9.0,5.200751652643406,8.860210927408154,1.9273963006859256,66.94759220653809,0.39904278577845653,0.0,0
74.72562137740842,15.0,4.103946415573709,4.1604448804657,-2.9688043099769486,78.5997861369989,0.33307826049005235,0.24735666355520142,0
88.79482320923236,10.0,8.128133108867834,0.0,3.5808271265874883,59.3528761270009,0.13588687538683816,0.2771077866696026,0
58.57706154802514,4.0,1.4880449361363688,4.476637903276002,0.25308720816304,41.78133607876201,0.6941548847828157,0.8589242211434966,1
100.0,9.0,4.803143855793773,6.747790906838796,0.9817096968773309,66.45965975155036,0.304340930787174,0.11205530512988032,0
70.86841250051278,7.0,2.0671635871640675,18.034000352884938,-2.2593730502851224,43.27726899973521,0.4171421761638445,0.7792946600274153,1
55.82294269047753,17.0,3.740296421228229,5.009202816069617,-0.6316469545928756,60.59323166848452,0.44160904512550525,0.20946748338546278,0
70.21012829813344,6.0,8.183721939806262,8.558410695241609,-2.6613028054911694,47.72538856279772,0.6660632330187601,0.6777622212104559,1
40.5549663289745,6.0,12.981961131781272,18.79797304776038,-1.4439556259482467,34.95883378493853,0.5823064111328705,0.6385795894479276,1
63.06267652235252,9.0,7.7108458346378494,3.7496536503202194,0.32002459094058244,28.621336459169022,0.03290237954587466,0.4257092846824117,0
27.92108941032167,5.0,7.773737514851769,7.847458705907486,-2.1510900230390635,45.1385754786715,0.6010596558348432,0.5207133782494792,1
100.0,15.0,10.375131765124076,3.9597526392255737,-3.3208295146757045,67.32935355531632,0.19558015050510894,0.5524798375293072,0
68.17608484707934,7.0,3.5079879324578433,14.298575809820766,-1.1425180734273457,29.37189676531049,0.6159166504413836,0.486618977100167,1
31.6481477401684,8.0,8.153064789822423,15.491036087488062,-5.714384694659376,37.396129745027295,0.9795525520048572,0.5998519759604009,1
84.74726291977214,16.0,0.5959189975694326,5.851844741476775,2.310720457017151,74.33148198219723,0.36722196239621735,0.12857234746006482,0
55.739898053611114,10.0,5.78703963219318,15.858342100911859,-0.7089817872749837,16.061184496703866,0.4896183465065238,0.49274179761966297,1
66.45954670256626,10.0,5.095560508085629,0.509578600623187,1.5241191181257494,80.21601943297192,0.0,0.28326673245808437,0
73.84473478275694,7.0,10.56886601586293,3.5409223713813605,2.3004049920528815,60.15703286743077,0.20209507010846847,0.06928124261994031,0
33.19506593958226,10.0,4.729624923820456,11.615455936579576,0.7653796410391775,55.70355733073251,0.3640825431179769,0.5331466837516194,1
48.538419409237044,6.0,6.287713886026003,15.72490561717007,4.328489296830839,13.122187049434949,0.6783222543541964,0.46597148670716415,1
83.14225728850957,12.0,7.849205764029969,7.253545482789899,-2.3304406306056986,83.63346700404233,0.22124228649368904,0.25350835805380884,0
45.030705787627554,13.0,2.298468728243659,5.165422602554623,-2.3196314153909317,80.52515052169639,0.23929323887368986,0.59030373394461,0
95.57945241107674,14.0,8.093575113978407,1.8219547068970696,0.638799106323872,48.990628361054256,0.06618848083331436,0.21008452497357188,0
54.32277757127386,5.0,2.7098869999902364,2.326356780454571,-2.563754987885515,20.51316041050726,0.6938381628223192,0.5101347752712883,1
48.647231323227416,9.0,8.344185999892014,7.933278680279617,-6.0514728074435045,46.973870071529625,0.5996296862487985,0.4280974222917757,1
67.65888642661369,6.0,12.76883858219973,7.382064284927266,1.3952079849908803,56.83257698298297,0.140609153995016,0.28952579089614056,0
73.63000983098979,11.0,8.519749462570761,0.06459050266836597,2.5424560232273974,59.15487401233112,0.13345054429336997,0.32079647261392585,0
35.93136920032586,8.0,9.281676509309156,3.7665977834959694,-3.055211855496534,29.17884485642063,0.4297121226551106,0.4222169090652379,1
56.94765046878923,8.0,13.478002723211665,14.078411095152788,-4.193605097559131,40.949336288144686,0.41814241171689415,0.799353289521004,1
44.76349204103213,10.0,7.821527194925369,3.0977062454597952,-2.504323710802403,65.4402264589678,0.1709041854617464,0.260750587408792,0
45.48381832948929,8.0,12.842937230377856,0.0,-5.447667739717927,41.83325383452927,0.6187189660768672,0.6055265414787898,1
85.19166611589344,17.0,8.7359849014455,4.263888688993006,1.6391698543598883,66.37811737639977,0.4417418403574089,0.16291001611735206,0
57.4264023601116,6.0,11.645512759566833,7.5092009545200735,-1.037435954513271,33.80926929147589,0.7409805767173586,0.6512692101022013,1
59.568664170366425,5.0,13.096395359364099,14.029198331428805,-1.1855343131276133,35.073548415616116,0.742134311252005,0.5243832745806907,1
38.69651493416733,8.0,11.8994186862248,21.954744449464897,-2.413619961477328,39.42026402910069,0.2585792508551593,0.6200104251964962,1
55.26556493373344,8.0,2.3469417629558356,5.359056268936515,0.30005923627070163,54.939696578966746,0.13681413915393292,0.4192695900608501,0
54.04836524004308,7.0,11.207435086125168,0.0,0.8806114070202353,0.0,0.5091111753998975,0.7338022051386632,1
60.87515525939995,15.0,11.812687314055042,3.900115781449187,-1.1238688127601753,60.51816142387011,0.09975717388473242,0.11429960773798423,0
47.835605495141735,7.0,7.169234701508712,4.736113026985996,-2.352796592684589,60.84451612908309,0.2522953944912268,0.14681124132130918,0
70.56360636961789,8.0,7.715165124512276,3.734158164240498,0.33908333307608374,81.15161642727996,0.1846248634278728,0.24012935258262819,1
57.91572550374555,6.0,7.511875235619378,2.3186515935907734,1.2620944009771085,66.47112058435302,0.1021035088102967,0.24231616998826694,0
35.51833633109911,4.0,12.860681970914664,12.615073459565092,-0.7159781252684866,42.25372395892588,0.6035227965047226,0.5003767257805529,1
37.34358975543432,5.0,4.556275619137118,20.32148880047712,-0.2486488568076921,20.2964121127292,0.9398929112463903,0.6788196052549289,1
66.67284447308313,4.0,10.906411869295919,12.102760979227979,-3.079972707735206,39.819017958325034,0.6074362185628152,0.3799788521898698,1
12.175451904328042,6.0,9.454992613944574,17.15785571644036,-2.4251114326491603,51.951768382977654,0.441134382120833,0.6241889263837568,1
70.91378339756034,7.0,12.067469173316244,3.427066556446217,0.8178991647537996,78.00413792395811,0.685961206382879,0.6674662203486614,1
66.76736764363733,10.0,8.592081814074199,3.4119871064649523,0.5156942185359056,50.30320168157393,0.0,0.2459969528613678,1
29.280309522785718,5.0,10.548234917582976,3.9242755852016753,-1.18310389900053,52.31370115504661,0.7598731326183616,0.5657071319479098,1
52.08165717782554,9.0,15.173971424058212,13.796611114985833,-4.928971790992243,28.006527038938046,0.7589373726265691,0.5380484753300661,1
61.43255424339428,7.0,8.468151816815228,3.2223722220547506,1.3253966064734284,71.50547852075088,0.2522647203728554,0.38043017498575893,0
64.29048818070753,14.0,7.746801731189974,6.53891218692319,1.8381896680471483,87.6276078906863,0.20575520341109924,0.23681809112092933,0
65.36622144825743,9.0,3.7732831415709533,4.672891921544783,2.401918569399794,74.65545238336696,0.09858194063540086,0.36807302947188125,0
33.72860417861397,7.0,2.163095584359378,6.831363933860243,-2.732350168349048,26.0885252866423,0.4260350154313317,0.5350520403916951,1
74.62037985714338,8.0,3.9928727627013476,0.0,1.2346692583026146,68.29472686325333,0.14973614531508134,0.5414203946120668,0
33.89604465675266,5.0,9.056288331494018,10.493955839602098,-3.126780824693353,30.44650745310404,0.5881653451568967,0.5936200035415071,1
70.467827317673,11.0,7.03383308985598,3.705779294402477,-0.09852583922027236,49.202131954765,0.23390191690435058,0.1801137642587714,0
60.8040998498679,9.0,11.748488340320002,1.229560660200089,-0.8878881429372842,69.45261510296825,0.20647113799339176,0.1626741541623721,0
64.32807669401842,7.0,6.835886689452186,7.497016269651457,-0.873163949739314,68.81672165883937,0.3212716989842347,0.0,0
50.31594141494015,7.0,10.910442919027082,17.52556588968794,-0.2830965271406418,35.000150804237485,0.28765933799831356,0.5116778126717774,0
54.20657149158049,4.0,16.544756634224328,8.174235448801355,-5.468286446257991,55.293463436343814,0.6224040064778611,0.7457410733436588,1
78.3561109725742,8.0,5.7201850508227015,7.494833335564383,3.0554847991024103,100.0,0.10749973956272328,0.21403792506794472,1
34.42973025307316,8.0,12.305629239573031,13.954690877534937,1.2375692638071256,38.78315090185361,0.7093017274559814,0.6349499400475065,1
100.0,11.0,9.999022059615967,1.2936665854568465,-1.9050149466001087,73.65056137797635,0.21495948400657872,0.2160996925995685,0
84.0143065684287,7.0,9.435207129989506,1.0905988146547791,0.8472680990213393,60.315223597967616,0.4453043877764695,0.3774294120028533,0
73.55300896937447,14.0,10.35819148599514,2.8366361333521284,-0.5663992623102492,81.04471036736535,0.05490081036484601,0.24900327437256067,0
41.388935061524194,8.0,6.9319431001825595,16.788265391821668,-2.7281695506887367,15.476706070220395,0.7403399617862124,0.7484641945662308,1
82.4716369603858,11.0,7.843519496930439,1.9073283802110756,-0.5318797676645719,46.93505181333586,0.26360997668002334,0.23390361885732347,0
63.187591648940575,14.0,7.302810375205464,7.4013678176920354,5.4137694665562925,61.924121375923626,0.2174744914399861,0.5168671787745696,0
32.76189807930364,7.0,12.982157312650727,11.091846577680478,-1.3597736825335673,45.99643692807466,0.4451086208576672,0.6909538762619384,1
69.48674971328501,13.0,1.2502075974453675,0.2217607998815998,-1.4263354363998746,67.83544937932128,0.04166797696035926,0.1886418552232435,0
63.192556309800594,10.0,12.048596967834744,10.039519611833873,2.1330539922802108,25.662661735895295,0.659139274754587,0.5746262880001066,0
75.28526036011365,10.0,10.271979808264398,10.63192263217972,0.9558322240572164,39.30439112869628,0.13778906001327657,0.44014376745760947,1
59.11268862741291,5.0,12.621037605975818,9.850110488399501,-2.7029216231180118,61.89474696586562,0.6589168417380838,0.7007320848793568,0
74.13179471098881,11.0,9.047177529438379,3.789961423561599,0.4571645278358627,85.1529270170843,0.13870248996607112,0.42927333518707855,0
75.74617766402714,12.0,6.8633256197363774,2.538659317554466,0.5762173754892002,98.28895578286165,0.0,0.34497245355845385,0
68.79647017814975,17.0,8.408081978862322,10.818975477938167,2.479872331601583,90.62778314018459,0.24743720951930576,0.27048161788210323,0
62.434697753187336,19.0,10.713651063756192,4.8606733548778145,-2.627559469657852,84.53605900577347,0.1384325793470915,0.4634712081639726,0
88.14745494309977,13.0,9.791133572868677,1.6863095012960834,4.514752240464993,60.416215661482795,0.1175362297622238,0.47985648174671436,0
72.13840242583288,14.0,6.358140568417565,5.992876906166907,0.029623102145976965,78.24096212432363,0.20681402689461778,0.15397818489397933,0
72.12294225028042,10.0,6.937880907681299,2.2422453686452455,1.7363255619106321,56.69249309939961,0.19300898681750409,0.3384759924523495,0
69.83140599681762,7.0,5.032769612703058,6.073187697600631,4.071956249603551,63.49867450926372,0.2927797347216561,0.24884976979349593,0
80.10391451621719,9.0,1.7305698377610579,3.2806869613192244,3.7736845252910056,43.26331931955207,0.028075480612915316,0.14583580812899494,0
90.78963658035305,12.0,8.20092972492902,0.0,1.8045164369709226,68.4130440302427,0.21240578304145136,0.3718492266767176,0
44.161765279270085,4.0,4.65586178786341,13.22990319315395,1.0798593972364818,13.715439042879265,0.6523364025404096,0.4921932247040435,1
71.96539141159467,14.0,8.942722309185058,1.5054316820008706,-2.3527352776924415,84.27315284730481,0.3940139269965326,0.41598679263622695,0
55.7469521975556,2.0,2.5237127195273414,12.797126358994086,0.6580192784722265,21.2337639535218,0.7349766887016759,0.6297312542700538,1
36.97195185497041,8.0,12.079583925099058,18.774077707456314,-0.3465832769131967,34.579396027486595,0.5905224612580037,0.5158653453111812,1
39.97059426243135,5.0,13.263910518972537,14.69337980943495,-1.3110600163607236,38.151229187984214,0.6098406025603207,0.49349522666087464,1
44.58902377509296,8.0,6.425755500197408,10.182701780579578,0.4396089747834908,50.2398875048669,0.4432562277288554,0.4516710320637136,0
51.01321802637207,6.0,5.738474969689327,2.398612181022375,1.2144141207527404,62.506422067171904,0.0006313922718771126,0.381383049627961,0
55.51118604483102,6.0,12.526451975704791,9.773488111037718,-2.128712786660402,100.0,0.08271614182700143,0.4074875282625654,0
79.91921352606919,13.0,5.1375358429582345,6.358597805958743,3.1519681005881033,67.8281759465464,0.43463785282365286,0.4579010211894669,1
92.90451979322648,5.0,2.594081709054125,5.898604970671864,-0.36680210779324085,100.0,0.05708896260812815,0.11654027825242191,0
74.77507588331866,7.0,0.5,0.033412101737654076,0.12561241197316386,58.36199829668493,0.27946127533106013,0.3197254249473224,0
87.68975347233658,10.0,5.010478748089705,2.0132655420262218,-1.2207974555655772,83.70377877732079,0.23179265042976813,0.1678359974554749,0
27.715491848840976,5.0,9.080149163465247,3.6061801169833885,-0.4122459917756396,31.21014386033586,0.9598263148753039,0.5798320417003164,1
71.27977129938297,4.0,6.112021841053153,13.570025795918472,-4.045904857479465,28.97761929164197,0.4982755944745493,0.7147832920213923,1
57.794942983335375,10.0,5.796235182040528,1.7478261452046624,4.485320586872468,87.71223923683658,0.223667308287968,0.24185759816168342,0
93.2005673758353,11.0,8.593669685777744,4.34139869602089,1.5687334143513278,97.3132087576137,0.029636557771028166,0.27643366395611596,0
46.368247686078234,5.0,13.112214261596733,11.626879917061919,-1.5614876645210596,29.823589334891892,0.64144230728593,0.627699804162107,1
64.58889789301784,13.0,7.665948333028814,8.151161083578998,2.48145822040584,92.7836187525056,0.21114366740424168,0.5907289523847346,0
59.47936580373159,13.0,9.218893614959686,11.079315802988836,0.4935126163447834,64.10385824279983,0.2377996254585994,0.4083421558878433,0
86.6862712428964,11.0,5.365908496127322,6.207200080840492,-1.516526789717579,58.226712058613586,0.26094336322950834,0.2670215045355915,0
50.642672791527175,6.0,14.038823411521623,11.166800453799123,-3.27960797869682,31.108540757284594,0.6561530535096675,0.5239729004228729,1
57.556781345260426,5.0,7.195298571042342,4.0317129112734005,-2.3833835883459886,31.356818929333453,0.49906740684298295,0.5326315770767491,1
100.0,8.0,9.577138174533207,4.623251792842371,-1.9421954851412353,80.78978294932668,0.4101435341205857,0.16856706750893416,1
58.89432248378796,6.0,5.587535026673391,6.21797807702471,-1.1234667178686932,57.32488702245435,0.2431119988223303,0.4060232727972667,0
85.24852360303578,10.0,9.343543615671225,7.157933252846684,1.0585688165510747,70.62521593348853,0.33375295489660983,0.2971337955114066,0
49.056559260971646,5.0,6.332996599172578,10.9273832781925,-3.1482614426789532,20.51760345009204,0.6800388220945168,0.6078269959877115,1
49.154375527210206,8.0,6.505589961482562,8.314453124387196,-3.7498587102043093,55.72084895233178,0.8118233314496086,0.6606150781341005,1
85.41291139643825,2.0,7.408888344239167,14.606278920422135,0.17122985577248895,36.405170497256826,0.9398095724811717,0.615872392695019,1
79.02198889460462,9.0,8.640001097849455,5.664389565175941,2.5532291035530505,60.971955707077385,0.2710660665252318,0.1661122696656248,0
30.550944890222496,9.0,10.520093196194452,5.090613918241793,-4.496079550782094,28.031241673438515,0.7216851106291242,0.6835137122763093,1
65.32117176870993,14.0,10.49048744291942,3.0813937630853565,3.408990050411136,76.00551547578078,0.1685733020635245,0.34235976897767895,0
38.87150800775476,5.0,10.865315088681665,2.781524484569376,0.9165256509610007,69.27730313116824,0.8003301145188935,0.7940477150839703,1
51.8705545859897,8.0,2.641727359713558,2.6533671391588456,4.219741366240631,54.945962676900756,0.35046417807474345,0.21698500099863083,0
82.89538120382026,7.0,8.455367676608743,5.010870028180571,-0.4876199570494464,51.10185622785997,0.3508523019942653,0.30415849507745907,0
57.13802767187647,8.0,7.322346108091949,0.7234530187391255,1.8610390571751902,92.56674668454487,0.14643067589594344,0.3313685664741243,0
70.24349256888553,8.0,9.883280458360648,0.0,-0.3326306992314112,64.4039192119433,0.4815432800937348,0.379918489514528,0
36.37329433348545,7.0,7.021006277897151,15.877674541967266,-2.6659877673281347,46.68521351503901,0.6995999711665879,0.5708615417938097,1
53.15329865943809,9.0,6.9753229332306645,16.53329784053693,-1.8483491244423973,39.93512795664024,0.8157418316267235,0.7094726108056207,0
87.62329677983826,8.0,8.755742594076569,4.192410407134461,-0.1477033763611213,66.34229852542245,0.22284867799601624,0.27549169749758334,0
74.67446783706983,8.0,12.062659118459916,6.34638471728422,-1.7365275197376946,66.74685864872521,0.2584951571622294,0.303086845200067,0
46.844260138159655,7.0,6.902340428115828,4.862908442827899,-1.1687756995346965,37.21676395136625,0.21334150203602997,0.6123261953952635,1
29.33593377952735,9.0,6.567008211203532,16.37648351405626,-2.0584418384233674,24.489821853086855,0.5699426672621764,0.6138789754474828,1
65.97308791995897,8.0,1.8201799566286647,1.6129634749882404,-0.8941834415329091,78.17301163410127,0.31016377561214403,0.1624956923544863,0
68.06792059780767,15.0,0.5,0.0,1.458819073791738,64.98712262600355,0.054124722677182324,0.28851923550790665,0
75.6392273961524,6.0,15.443342359798484,5.125772434500208,1.9616585056753462,77.35134363561636,0.5015704712997463,0.3830259635174389,0
69.90924104665979,13.0,6.0132403889998685,2.735988176062902,3.157185727329929,62.463812665566905,0.21433674483272042,0.07442959840357097,0
82.6547044735975,11.0,8.47435776981877,10.191683606970004,3.9249164880004255,43.4562072119551,0.43316139071046755,0.40173205421190417,0
87.14626893794971,18.0,3.3628951208208226,1.1340654735405735,0.6359710361295806,73.38033023443401,0.4361218897006395,0.27456636037618337,0
42.99119163004572,10.0,4.853508403341598,15.574955644494597,-4.287670304069252,29.241262510380455,0.8136301341489546,0.6335134435462536,1
45.21880077918329,4.0,7.750927221573388,0.900776377798211,-3.3409115124985993,59.95489025889365,0.6892501966253421,0.3814617547897916,1
92.73423839811778,15.0,5.052820740876162,8.816450148381893,3.2979057327228842,59.34789356932552,0.30526664583919194,0.18345174888885013,1
53.55080449223113,8.0,7.340111614075671,0.23183562139588565,0.8602510328405215,89.33790621782497,0.4714892197368544,0.37325529948912806,0
57.061191750169506,3.0,8.710350644677826,7.7414275286718714,-5.295871037002993,42.75498473398691,0.6534895118573939,0.6636363764237224,1
98.65454113544932,12.0,8.34442643388012,2.8702158309295442,6.185477733277037,64.01423726138671,0.1343296128460394,0.049257404204765515,0
77.4314719695138,5.0,14.87232729066119,17.50561725932281,-1.5778200695724351,47.0315776272557,0.48221084581239515,0.49308398716274504,0
75.59356429668486,9.0,4.349724531737093,7.156224658071228,1.0722588297510147,98.30952531194866,0.22694649471912098,0.15960985475443604,0
82.72247436435708,20.0,11.28859592370532,4.7700834971292565,2.906465325738152,80.06730264523671,0.3134936599377956,0.3252314820337524,0
34.20981919375329,5.0,8.324629659188135,0.9263323779347061,-1.480895427486307,22.592085337577878,0.3078105627591978,0.6005309981034077,1
80.80604848423633,9.0,8.684623463858934,4.410322351950097,0.30342045271153273,55.29759032447006,0.26016612962387664,0.12234655612446332,0
90.20204061514414,12.0,4.325411635983891,1.7769442606633152,-0.362382052294012,77.31304299368256,0.1851811464256964,0.25678564417379907,0
70.66095477851393,7.0,9.307442505900422,5.334826187633865,2.110596876833152,73.93196088215731,0.22693049137224303,0.37053354580696,0
72.79066500864816,12.0,5.535940295314196,8.63334843435602,-0.14594203545492945,63.36287337287094,0.0,0.18151047580950785,0
100.0,10.0,6.317738107733031,2.509825891618884,0.8023367940422563,52.19402741698761,0.279554740344097,0.0477255428001617,0
77.6365793951926,11.0,8.638267692494287,7.271415973415696,-0.672642550090587,57.30996517011971,0.28898503994616553,0.2707482914490988,0
51.770925020132545,7.0,12.343680782744704,2.5213931565267953,0.24623195393344377,91.68215781848006,0.1637816270922613,0.3738862221656395,0
81.44094611678821,14.0,8.210128727580175,4.802620858379662,0.5902642740131855,62.624055256179524,0.18317477653967487,0.42933650547695656,0
76.20010656798105,14.0,13.43034047433094,3.466522824133931,-0.3495439911567204,90.03538831825017,0.2622712823025328,0.35516013919238787,0
71.96496353003252,10.0,4.567333168574234,5.77331954329167,-0.2840268497794807,51.04669472634399,0.16774459551488918,0.291898437101052,0
46.13436232137061,6.0,2.1369668624867337,4.352120107316112,-0.6652583939363416,61.299265520966934,0.6767077465009107,0.6644286880273587,1
68.11833982112745,9.0,5.5339522931111125,8.219846600951934,1.84743779115813,87.30096050191798,0.10665299253622113,0.2872986342317418,0
70.85474932706445,12.0,8.926951439501483,5.987578389343841,-1.8446284612161195,66.76516448140714,0.0,0.5980213216583421,0
32.47218888706044,6.0,8.023565125911594,9.785442037869894,-2.802592252720289,41.0992535556672,0.6911311657067876,0.6284624886906851,0
81.98999717368059,8.0,9.265755327928302,5.053929027963753,3.398367987570621,75.55081544375285,0.25129743728100534,0.43596487144474216,0
91.76543640716822,12.0,4.819016882777959,11.15158311394562,1.0676147346224776,64.29176919753793,0.22389431701502577,0.01963421399164217,0
66.4526557408067,15.0,12.10237827528495,1.9949848949358922,1.792201179246541,74.37797610984722,0.18192436583117005,0.3767633665374579,0
42.67668383437866,6.0,13.78651147594804,5.64356297369595,-0.9331171285107257,23.522444046584056,0.5651140092309508,0.47645056312333356,1
59.15158537818641,6.0,17.955326665657694,22.008512167292928,-2.115055529434031,33.54761592670103,0.7045454095073636,0.4542971229361472,1
77.07750693030239,19.0,3.327089769873215,2.6150733912371646,2.374515323489681,78.32933441447523,0.11131392577181382,0.301016110229342,0
65.68175664629065,11.0,7.183044566242616,6.668240369573576,1.0015765295478982,75.58744487417555,0.13875995478491185,0.35437244406780266,0
40.96402351853851,4.0,9.979756908177873,19.444562499160686,-2.804149138805589,29.202291098243883,0.6526576516310651,0.6422919535398179,1
72.87201470925459,10.0,5.813069337621997,2.4700684709972314,3.41535467896752,82.04864531271748,0.23167850864009562,0.23182030303981793,0
35.36248949406005,5.0,5.938577939518783,3.7052435420105034,-0.3960902073888024,13.29537526662024,0.7190621182528799,0.7026567409394368,1
80.77928784256177,10.0,8.676313104213275,5.675545544822688,-0.08556713928144855,77.65971227615077,0.0987054295191167,0.20086159992610764,0
36.8171184724947,5.0,11.987387242537178,11.382281847948299,0.5201273937298554,33.739657627142904,0.5815059918210954,0.4334130653302215,1
50.54703363029577,4.0,9.806630170537922,4.935947610432107,-0.8893434253026163,35.95440355767637,1.0,0.6227685762013409,1
51.90756599248586,9.0,4.944271578462928,2.3208991865505597,1.9223957681079922,88.73474586114114,0.37786345191987564,0.3392815836741867,0
80.39902425456516,17.0,8.009871119882028,0.0,-0.37135405653500597,86.86310572248618,0.23188225717062091,0.09578884129661186,0
50.9963414710743,6.0,11.305156766872843,4.976778267468208,1.0550603834805474,26.19614278783551,0.6709916236671162,0.33409151418031463,1
64.2908087936611,8.0,10.366384059504721,2.969392843522904,1.2683554314491485,74.20860729470351,0.3030814480418248,0.26270006253853534,0
63.937820286807046,8.0,6.242618991130634,14.931584797403833,-0.7055318940420162,65.30194577845026,0.4996925570060839,0.7157377778040825,1
62.468043896908156,6.0,6.763792623281867,5.922355402757925,1.262269705889955,58.12065034506303,0.06271125327586119,0.18223528702520203,0
76.58412551946499,10.0,1.7877342128136675,7.352722590799468,4.22227313271827,64.82762527046752,0.2637719151139465,0.4254813210306335,0
57.28108176684036,5.0,8.263548271531343,3.101255880613177,-3.6654136445736314,43.52439189918756,0.9519409544109685,0.6390587498971596,1
42.886517737372294,7.0,15.76926062447125,7.001082354599641,-2.86013830805682,36.17448065512657,0.6944925294462029,0.5137216326560695,1
89.37600627757423,10.0,5.21581796867801,4.030740052050694,1.2005402081763594,73.63455887064501,0.5337503634093231,0.3237122720258082,0
46.49243992836478,3.0,8.885286849300803,11.631715348612277,-0.2739115804584278,30.410868839276986,0.44941645958494836,1.0,1
26.556416738620225,3.0,13.180258663084494,15.304066978646516,-0.36318095085036184,13.203132262513922,0.9506411305692223,0.4012178033587187,1
53.50532564320084,3.0,9.116158286021168,10.25089418640108,-5.5772210131448166,53.704978113784236,0.605400711821115,0.5072799400746644,1
34.38116760217186,7.0,4.8910776132493625,6.745114444470872,0.18787814178311213,32.923446693883164,0.5393840458802371,0.8732038773116868,1
41.19389031228593,7.0,2.7811597076805876,7.870830679123362,-3.772605725785061,62.80112995481444,0.7776179957335941,0.24959610382969533,1
68.33071745513091,12.0,7.547167644171627,7.8428326263412735,-0.9508395132376368,57.0756882636053,0.045714966760028175,0.3125386974464291,1
61.83116968537665,11.0,1.9071330714456316,8.285014918791738,0.9296927859351682,80.44985507486145,0.1071956916307661,0.2585702303946306,0
50.048321516858785,10.0,8.24502314795509,1.541213649968551,-1.6063129761395198,14.824784944179413,0.7151889488092303,0.636694393905111,1
40.502114674307464,8.0,4.689054567810946,14.969736962186321,-1.4613451526652208,57.60512283633862,0.621212216138292,0.46470357925578,1
78.87364705646527,10.0,5.149061488735668,6.958522143672136,2.2769957072821647,69.83158112141474,0.1727595038864282,0.5954668086350781,0
36.24715208685228,3.0,11.050379973724914,13.803870048935888,-2.5332495239494772,48.61429904119443,0.6900749703987938,0.6123548070828928,1
76.75265193790952,11.0,7.970395152851831,0.0,0.24294301048446743,39.866878480040015,0.2560632031192136,0.2149720683616859,0
58.307997219380724,10.0,10.816716585316293,1.7539333798901304,1.3825875443509088,83.36478911113228,0.34136762325784004,0.2592503532223126,0
32.26881509535245,4.0,4.250707563750902,10.34673788437145,-1.1225780731775645,28.141760873956777,0.8776658805069351,0.7162880202419721,1
26.51436136506815,1.0,10.465347875736244,5.598114672442545,-0.8985709163645433,22.507845086969706,0.7443003172893655,0.738675215219336,1
62.398477746007586,10.0,4.934643647187356,5.0750579530421085,4.762076918484589,92.7302204916204,0.273956724835616,0.3401101356505416,0
54.37392838297578,3.0,11.004833308456858,12.826724255045221,-7.6460605416425995,40.50448396387253,0.7355875314138672,0.646889252250768,1
77.73647754945993,17.0,5.624775176340528,6.545548316165512,4.291792959557296,73.36100117698912,0.17609437533677696,0.3784253879276778,0
77.96368774613056,10.0,10.891171589473476,0.5794458185539648,0.3357764790939748,71.36630565192539,0.5186480319832958,0.22505121196919747,0
93.90676601133575,9.0,12.518506008467691,5.1656550438376465,0.12042339397407842,81.01918218937486,0.11526209547057084,0.14566612552142622,0
63.242658126508736,12.0,6.873085822982204,1.493859133455889,1.0824346968384657,59.28865422343616,0.24550364713818557,0.24928754775892056,0
51.54892624027853,3.0,5.529636250946904,12.493473603148146,-2.742023509614749,24.77092630131861,0.3279018805520255,0.5262088969692054,1
78.7692129980536,9.0,9.606067886991914,13.928308276774485,1.1418200053397447,43.348806042475,0.7638043269663839,0.4390655887220861,1
75.21081842176481,10.0,7.87922995980075,4.795953040233949,-0.2862408151089013,68.30560217908034,0.27415016554471605,0.37310544616264785,1
46.103861015803254,8.0,5.773014994217631,15.862097883306463,-0.6471051676034499,30.14741272818643,0.8196963540545702,0.4475701728178599,1
84.42298325280696,5.0,4.280578151579855,3.8474601486721554,0.48677704688138757,73.45943590762589,0.38942234694218797,0.23820034799498946,0
41.753896663618555,6.0,5.875430030868885,18.29878082489798,0.12651535743927877,37.33143534116043,0.5712787240381351,0.5632064748652529,1
71.74401078179841,10.0,12.354844368640414,2.1734472755639267,1.5364116142225117,81.96138524949721,0.07195303663058922,0.20897783339335335,0
49.91462165707632,8.0,0.5,9.616457334777127,-0.19210435815411908,34.681665777443264,0.7487010459788432,0.45249637484315564,1
74.37878800747897,12.0,0.5,6.199160779013139,1.007573034143602,85.97772357314517,0.08789231189328378,0.32552762472160846,0
68.63043634152221,10.0,5.186098790372661,2.2946737488467583,1.0683933578556313,70.94053553515573,0.16199745362675758,0.27773359339662884,0
15.352663033164891,5.0,6.310736534718342,22.288066351559817,-2.6716272136717656,48.61311981716128,0.5029243185188249,0.5121071590519084,1
51.321768091638575,11.0,7.5624030165175835,0.9916643311626565,-1.8721699180894482,54.05181494252007,0.21351852596559776,0.3928629813644669,0
36.411760767116725,6.0,13.846995628784626,1.738759534765233,-2.787494850532501,30.593461034053046,0.5798078500302828,0.3406064260590674,1
52.60887922523332,5.0,9.382781510385025,3.6873139680897857,-1.1393293186721722,19.074857035113666,0.4041781293472979,0.42383152960768133,1
80.94077837620208,10.0,11.778185368058706,3.4844236030390072,3.5586756194384126,77.831180942303,0.0,0.1367221861957419,0
44.82623330061141,11.0,5.151691479713601,8.409036755622797,-1.6896892138570043,27.14430026385505,0.7100836144973213,0.6335363273823557,1
47.33003433951519,5.0,12.311753069788828,13.30999390739151,-4.130109218075159,18.18766517124481,0.8220607766268827,0.7593976267572653,1
86.67931818849928,10.0,4.139287555917919,5.11182432647286,0.15675932528368097,66.29813802185414,0.10646351908524028,0.2590401739464958,0
50.60822641494094,7.0,17.260097030803422,12.560578372361599,-5.750020249806033,46.524467232078436,0.45726395009316556,0.48049758375033097,1
39.65458592059818,8.0,12.956258485502158,0.0,-2.39273031005687,29.31722163624518,0.6466721980168547,0.6642492711704102,1
81.03898804800178,9.0,9.481757953421507,0.0,1.068342422652154,62.10575452826558,0.11840530868994527,0.335737212368961,0
83.36817307910933,10.0,8.274053359617263,1.554140713616396,1.804082310200648,80.93304209352864,0.029357074389166127,0.09650015690509597,0
78.21884939554951,12.0,6.637694269977979,3.4896424266095245,2.8494854930959352,43.591731008232685,0.39427995412953215,0.3866779083496953,1
59.18065884333582,7.0,10.5042941267832,0.0,-5.754195087231723,57.213424078010064,0.7826840232922582,0.42260547461292886,1
79.03040729948727,5.0,6.946454085122825,3.1817138569868724,0.42038897715849577,71.02015532959886,0.22516112439782912,0.14370440647051166,1
71.38119866543391,16.0,4.943405161440846,1.0478544309424436,-0.07715238075404351,71.39594526853728,0.18687718216745058,0.37233573394125297,0
36.458665709018874,7.0,7.9889692378623,19.529939373784764,3.1236622512856593,24.741120420684673,0.4360242957241946,0.4483365901707135,1
72.37366618647621,7.0,6.436015185750336,3.295102019506461,1.2211504110581501,81.13497579310307,0.46697396132257496,0.3561132101919907,0
36.798627778806676,6.0,14.926942378168508,15.358873258315517,1.2463498357772957,41.68795366313024,0.634649810556514,0.4395103273584626,1
57.5946333915892,10.0,10.236965920427135,0.0,1.4253824008310805,92.19365699859402,0.1059080570484279,0.2802793804555992,0
73.00000847604063,12.0,7.5303629132894585,1.2844748297692736,-0.19726482932490752,43.54843376976511,0.05508071698292444,0.4121220163302909,0
72.89548953654764,11.0,6.81905724065874,12.98871728619443,-0.9544557489495176,73.20557909930146,0.3124761613701705,0.27979563941900454,0
47.384320529834866,4.0,12.747866167657367,12.499062294482059,-3.843516703766556,29.599926154044326,0.5804663926548652,0.617851874701217,1
59.74161573055596,13.0,4.6517982652081145,7.589495434558871,2.968375477425574,78.42170003281487,0.3588466932091139,0.022953765702242834,0
86.12937660806882,15.0,6.44316719557885,6.546599608105211,-0.19752683762963175,81.04055566971309,0.34333439733405346,0.41714429231350825,0
71.2335578698904,13.0,7.7174760537317155,5.569598341809251,3.0067541969616096,76.95990736540531,0.29973789786141225,0.15199516395099108,0
49.95957044719765,9.0,7.369928213327375,2.5873783608527177,0.3198219788257365,97.65480364983736,0.0,0.32977324759829124,0
77.58117483410079,9.0,14.282416133012829,4.307268432156735,4.123681718787199,59.635388878258034,0.213687092254542,0.3605434767963206,0
64.2857905144328,13.0,6.920710135777908,7.217600094130584,2.7180742899700716,88.61822547785805,0.0,0.31294172923875613,0
37.486356662970366,2.0,15.511415874776254,26.158125832654306,-3.1285751061465645,45.37180150691004,0.7205836133856167,0.6381438657272122,1
67.93841157048345,4.0,10.259869148607155,19.919970593519103,-1.1238519314019255,40.80654809506751,0.6418232980418678,0.27726338713004967,1
30.576176283496757,4.0,10.18467833851496,18.940052653222594,-3.1539316870938814,37.93240278812746,0.7762519697932111,0.2895998306373805,1
72.39404170693959,12.0,7.921325087747265,3.8031079543402404,-0.04808287975842118,71.06108169950093,0.35460421885300364,0.27829551397043284,0
41.88390353419585,6.0,15.110128259029018,20.02193215818792,-4.003704424359823,34.30293642011393,0.45249136015588776,0.5398731217127112,1
54.57361648063772,15.0,10.467253112495253,0.0,1.2615050970698083,54.80670592401,0.29582440663124127,0.38103814973929645,0
85.12671782826548,11.0,9.146614155111997,2.120105321462402,-0.1691673776557101,71.38481670268355,0.37095857164296236,0.5773685000849091,0
31.875044658954206,4.0,8.695204245120784,14.262383178010953,-0.5325972127829728,37.91925435344103,0.3806196159606954,0.6891679225465284,1
65.50713464624076,17.0,3.8105538695337313,3.579773676325118,-0.7504726235052697,76.80617434106937,0.34101697458221525,0.47198512205576704,0
42.13711841600815,6.0,11.541637204073162,18.206830527842673,-3.471312337933361,47.38860034708989,0.5241075788536506,0.5824757764300464,1
83.55046385626632,8.0,5.366287804315265,6.351279302193397,1.90483875802008,61.59024721122928,0.3084941268044356,0.37402419777709006,0
47.29564175482421,9.0,8.207096045259467,4.037083395715778,-1.8821459930027886,61.32064870550009,0.15890399915222733,0.22757160932031872,0
83.7451545522152,10.0,6.316967112442517,3.8876407450501014,-0.23817095777692399,78.54182705315954,0.2134824048236611,0.30163834971326964,0
63.268603737415376,13.0,3.9846808334638677,6.155864876173159,0.8839575425063182,77.84739585381982,0.1250734817721825,0.2575186953308093,0
79.92467257352298,11.0,3.3613280963744314,3.6270015374532965,1.591864128887938,82.10409831800224,0.16845983583994312,0.07670409012814983,1
73.00890245905808,10.0,7.473800046504087,2.3070602867162746,2.7662730705449,67.37641090734422,0.07112007887542157,0.28855031777439605,0
51.11083174091652,7.0,14.368729179092874,16.42987392646126,-0.7430661214140288,36.76857328626352,0.3929977283575157,0.5475741665017051,1
79.63443640418991,9.0,7.094722366844149,5.4180492767158395,6.2699854921996625,72.65659185627713,0.3193897225637876,0.06075802819528148,1
51.230100087636,9.0,8.965405495951039,0.0,-0.607724345520427,54.11175648812882,0.6854996606878831,0.6677241455589419,1
82.30236826804477,17.0,7.506242785684568,5.136630736060521,1.6884834864611444,66.2991882382806,0.2629292413831475,0.41026415913033226,0
71.76594724803059,13.0,5.405629293079615,9.686150876430002,0.44052810430073375,57.748465009274256,0.07094726202360027,0.054590087580143914,0
53.80968711750185,7.0,9.994889041276078,9.220784402948926,-2.7236097669195916,12.142053519331224,0.5698527608948832,0.7516890008241071,1
33.06585223038772,7.0,10.53138283546058,29.99225386661219,-4.5167467746636945,34.62082763418088,0.6185760217775492,0.5106125778915134,1
75.82760447056783,12.0,11.112233522424933,4.127143686088377,0.5277507947473128,43.98116887162628,0.287838118405329,0.36596576415479587,0
83.18834631070531,10.0,8.164410769924539,4.97404495968655,3.4342116229120627,86.07893418012492,0.08914223375593108,0.31101489430656126,0
50.183287797630435,4.0,16.709479020920913,9.56798180659664,-1.2349612283438844,31.18037865443322,0.9173585307398011,0.5642522940541179,1
81.02167348953292,12.0,5.446599991906089,3.832189017818732,4.738166651540239,77.50389926895315,0.08318822347153093,0.18536253690266502,0
74.33779892269044,9.0,8.231106108014613,2.5899738429539574,-1.588231687506829,79.8145043762095,0.38767516008245834,0.23958213263056558,0
44.05083719392164,5.0,12.533598275729709,17.39725351731864,-2.3262199055934296,41.815736721600544,0.5715745128330811,0.645769543716499,1
58.04841532493841,7.0,5.826407490038017,2.383864310352797,-1.0188420608784827,72.9209866908181,0.25034772708375325,0.17453147647772266,0
85.11652097399896,12.0,8.709123644568093,3.889878413143014,3.218223812510111,85.02213000346319,0.31728487569490527,0.09089841238530663,0
83.35545224883079,11.0,2.0528010059224044,3.1375866038324913,3.8494739312545025,76.4503881416585,0.5226714057408838,0.30303991888485454,0
46.29224384999857,3.0,6.411809442365092,20.968613946338003,0.8164453375919143,53.848719140949505,0.5548055958701034,0.5723536202042122,1
92.64277602193076,8.0,6.246368275379603,7.560674033797242,1.2513489073159985,66.96629444321711,0.3064104255342086,0.49761668438523604,0
74.61677425180511,13.0,7.610093574087132,5.7230628498377065,0.8928993556599238,77.39226151572332,0.26709477287488215,0.2875743703426934,0
70.47017078185323,10.0,7.516093410341405,5.5868066408736965,-0.184172313256739,66.58228119546334,0.2169858177436305,0.07405187594665918,1
83.16929868420529,6.0,0.5,7.673888072799414,-2.4466342870455797,81.8068284869497,0.0867123062864556,0.4163574829723058,0
82.34452577432778,9.0,10.724911788696222,2.772249080169452,-1.6053813548061793,92.32911552676978,0.20989860207862704,0.5279926761574635,0
44.89513258782227,6.0,14.218368342713298,12.025937455582321,-2.2899945425963493,30.096899681408384,0.5203222723094908,0.36968560059358524,0
43.31420961262254,6.0,7.016698984751889,0.0,0.3444958823438746,41.4022458588747,0.5634903581453867,0.43507219418913434,1
66.97473248292967,11.0,10.643884436120047,0.5148577279922293,-0.09084716588489705,48.686743865442395,0.6284557153339095,0.44985645546594266,1
55.86532776204914,17.0,8.169420161615568,3.0949576716074625,-0.07160511309526174,65.75903888532102,0.30157108718768594,0.1750583052902759,0
73.25740117847126,9.0,4.8024878340281525,2.7970045635928464,-1.194108710846473,97.85103382014256,0.20554272796622694,0.3637868315286855,0
71.19343386898478,7.0,8.497067802153232,8.92854450655955,1.9075009567449897,79.01589749943729,0.32789128553804825,0.13010800034875808,0
58.01425093170025,11.0,8.086374927828093,0.6962295375663032,-0.9460003081967086,50.78480095955844,0.3366032594106795,0.37249027470378115,0
76.62583245256161,6.0,9.9732000724945,1.4715631833471674,3.196935809245999,69.38280808049085,0.17131046561544777,0.18789350671354063,0
49.996339964422305,7.0,9.583487913130398,7.091418051579954,-0.6223669532766067,58.3292338485504,0.38354694037925063,0.4107779894361899,0
71.9800563716971,3.0,7.854746372852744,1.8380621036422102,0.06348045609563457,44.874764467323,0.8514795256420911,0.5483755429965749,1
84.70277090608515,18.0,5.0751026825859515,1.595683660734411,-1.159943363225351,67.13896788849203,0.4845238465839614,0.5521912506069533,0
32.55334898878192,8.0,0.5,11.532479248198324,2.6664219181180684,56.565806980513585,0.28752387453434547,0.5329861250974608,1
76.9313393873109,12.0,2.6456400268801836,4.687548504352519,1.331949006212007,94.00132448499244,0.18547957103325435,0.2576919222112409,0
71.3494015213897,14.0,2.108027133251798,8.232288562936613,-0.3487038017763666,84.36500758214946,0.12679350879287332,0.1986843952535512,0
76.5039907875678,13.0,6.909929656574586,6.681455060672752,-0.125704444273411,68.23268189817429,0.2215430091006213,0.39239607541859534,0
72.12153706741886,8.0,5.54606743115288,7.679604236819786,4.302354265784522,87.57535445270864,0.09203650041472636,0.2156176793748248,0
42.52084815635098,6.0,9.04938182970456,4.199272428644992,-3.467160993853622,30.116598915275745,0.7058815168183047,0.5316966057042798,1
31.089484532536414,5.0,0.8861223246738206,15.757722196185071,4.703771607489727,36.28253290439392,0.5985574939310605,0.6915410500149525,1
48.1327174569974,14.0,5.322392578822839,0.5643160873398316,-2.543402972798873,52.482071130682385,0.2367938862166567,0.4074303899339463,0
65.38999493326128,14.0,7.889078314684275,5.650789212820397,4.721804772255215,97.27797175741605,0.21070491804482755,0.2107908795910997,0
57.53869330650838,10.0,11.31800731363413,4.494062859459155,0.7031535840579334,45.027851566676226,0.0,0.04135917024447666,0
62.32250575695198,5.0,5.058487983720477,20.31844944423744,-0.7907576784499548,34.71098800452419,0.735457937252069,0.5813397809666048,1
98.84478330692747,9.0,12.539319552734321,3.223921062274429,1.2694121342842448,62.671747005277844,0.168034562172235,0.5024849638612238,0
66.9417121733869,4.0,6.357292224912783,13.003108180533872,-5.0481933945686075,47.589363793170115,0.6782253350286208,0.5713668006301121,1
55.460267856425894,6.0,10.68580296222135,11.508026545899549,-4.298811436564842,43.394423320628874,0.6181969588790661,0.8671488112905672,1
29.52785075931032,11.0,6.406566345500297,24.30677641350037,-1.3541502165657342,23.967691266891627,0.5633410490147615,0.34038585682501565,1
72.29021090736074,8.0,11.458116680545443,6.894038182490852,-1.0673833710936014,87.38994066078612,0.18065282116285072,0.16242108058151417,0
66.00004908237081,4.0,12.134420377189198,21.936244309704676,-0.2826351741724231,40.34712050617382,0.8430509711758453,0.5663655789876791,1
67.08501366341801,5.0,7.712509159240222,14.321876051002157,-1.5434169197754053,28.69926548597806,0.6432276191457024,0.6198136068459411,1
89.46598870773187,12.0,7.4911667651740546,0.9889317891006772,-2.2779744543998213,57.78417247285809,0.21284244727443544,0.006279893832832062,0
43.19945480468905,10.0,7.320862489932736,4.3371252907838995,-1.5862806881388853,39.65213654380773,0.26491323964510965,0.573888046327421,1
100.0,12.0,4.939214500414847,5.240419879316513,0.9245771184388656,43.01470409996554,0.0016664618031865808,0.13085535611000979,0
76.62726616485963,11.0,6.1286104775786505,3.0826286030448067,3.5053657549631403,91.99952995731077,0.0024730944684606126,0.46345173263940587,0
71.18857157207162,14.0,6.225038928186648,3.621773390890272,-0.11537221758493765,70.90256496543742,0.314222391663672,0.24928536214596977,1
45.903327493607335,8.0,4.030166050170363,7.063661537494718,1.0042108490171833,58.82486809091493,0.41333600693519723,0.5112583497524075,0
23.122466574025598,5.0,10.662663879732468,11.007973331193176,-2.231513438095061,49.82399203603071,0.6713370667458364,0.482947506707281,1
94.61884689741657,13.0,9.159483942794123,0.0,0.9086778536051303,69.18746060931886,0.3135463149417477,0.1983031118463227,0
73.26742417146912,12.0,8.177496811004842,1.8774301119881622,0.971089979363384,77.13511068488792,0.18239216309165868,0.21051881917736193,0
41.345294370261094,10.0,6.732006656235033,4.692590510742939,-2.686313014676164,38.275101331911976,0.4784684981025531,0.5944085708676164,1
56.65227957124233,5.0,7.387704555975422,10.491056377361929,0.6432636797781446,12.653760138983628,0.97403635572428,0.9466150453489554,1
36.653688585695676,3.0,8.549720372128037,5.623649500600304,-1.8443703225902484,45.20697931747374,0.40693016100224927,0.3330649466545029,1
72.35176415696573,11.0,3.7410383263555644,8.479904686377267,4.8412651944114415,66.52445054314951,0.2858458960627277,0.11984686112905382,0
60.95317614093976,10.0,6.996960302390153,2.5294116595659406,0.5125426569242907,81.21900130897768,0.4449740195843216,0.4347682116442335,0
64.61506551597965,11.0,8.37949091939448,0.0,3.420308231765355,67.00977558963463,0.49469504808661013,0.05549448687505948,0
70.02739362233504,19.0,5.8923601255935685,6.088014359944601,0.9120557815577388,58.823313097656424,0.3099740163190977,0.27168186476828654,0
30.281423039147572,9.0,8.809289273544511,24.37897729959692,-4.296783821380004,45.25458835898303,0.9927948678589906,0.5844626116988293,1
86.98811665322296,15.0,9.233226201093146,2.8737995080743,1.9113867642274216,59.87331476654875,0.22977535995463472,0.5297171068711828,0
55.213673270378735,12.0,8.04867384589618,2.614020992937217,1.299951949413191,54.95428817631526,0.25713354770331914,0.2857444185447462,1
47.74205819018283,14.0,4.446944062899146,14.797414803120502,-1.471220613695535,42.865130339063185,0.5264410488643521,0.787470270979318,0
64.51533615581332,9.0,10.690775373639088,9.66202283876784,1.164943503435645,51.90311277202952,0.1570624236023498,0.28148518699697067,0
75.11353743536858,6.0,10.92469635469815,7.900019297075701,-1.206249653756363,17.80546408816076,0.8156756940654382,0.564338343829649,1
72.36560349459226,10.0,5.864985896428292,3.325804737360035,1.5248121016854532,68.23655394434202,0.06542267464185933,0.27527500392330245,0
69.50621732617019,12.0,4.800645006152212,5.398675367954437,-0.4726028399118434,80.63347244068507,0.06608769986030266,0.2850996306090284,0
81.56510345576199,12.0,6.399361571132503,7.137491775282093,1.1396302857082947,56.28848166336123,0.017698651543906346,0.25010010451638837,1
57.18258622730984,14.0,7.408774918760477,7.5986634094774805,5.110973087927577,80.63067280041855,0.4273780963612339,0.37968065799420564,0
85.41398204934713,9.0,12.169269684317529,3.3385762522410447,2.111160874673154,90.40901372595964,0.26504401561617696,0.4677646812721461,0
87.04532238186519,20.0,3.360898582454057,2.4165725609203164,1.8734143835126116,66.11705433296572,0.22513151774991977,0.37050697003869093,0
61.4693358130861,7.0,4.7168982891196425,6.121122175290699,-2.0102664029168347,47.88393823927805,0.16991667827328064,0.2571651354618187,0
40.78643037355184,7.0,9.49606127442242,20.503050321484466,-2.700764857832702,48.742741768088024,0.6275338056408459,0.8037349774673148,1
70.85260854780728,10.0,10.29444475656324,0.1211948379952803,1.4544828979465005,86.10313261896435,0.0,0.5423745206929842,0
53.42883993171247,2.0,12.98953833482547,15.63349499045269,2.0217622800646073,45.312585599964365,0.9736343935789556,0.7151618260356484,1
67.10787069827337,17.0,10.543680293244975,0.0,2.3787010032766824,65.32561243609025,0.08315228131695679,0.3237507491558774,0
44.24353059821383,4.0,6.45906387551068,17.86497344207696,-1.5842936274253814,23.353448923771765,0.31672468960835753,0.7047747178144569,1
62.116189791898606,8.0,8.254491744172869,11.037871049748135,-0.6631012620301554,42.827439090457034,0.7248234693260821,0.6641920789601825,1
61.1681811084731,7.0,11.429168899945775,13.161687204314358,-4.791566329628489,42.92050806214773,0.6098283894697476,0.6574621424131607,1
64.74986448250633,10.0,16.881562325104447,5.263039907381658,-1.5599613318073915,81.79762085568169,0.08349416661982786,0.39817799601466264,0
93.30997962593099,14.0,6.729783412574185,4.663559456023502,0.36782975746694246,74.72747826186573,0.22319612355326668,0.38057994584283994,0
57.59344530437602,6.0,11.63217414400157,8.15813296115824,2.0887868071553415,68.49499783796985,0.31286769775206297,0.28959360763001846,0
68.70610703665466,14.0,5.288251894439049,3.43557194458571,-0.8240580018330717,81.66131690671759,0.34701043662865977,0.3760629675360481,0
39.1831033298062,3.0,6.226783091198303,12.27882237756194,-2.1002301859700268,22.205050120119495,0.6519772477918344,0.5176761003641206,1
55.234357997531944,12.0,3.2119764639450326,5.618315561909943,-0.6742984130262675,82.85525537146829,0.1692316380637128,0.4181293571202892,0
78.57121936218284,9.0,0.5,0.6352269650406286,2.1333535961615295,51.62585606919267,0.28404244161837766,0.39783955570560725,0
68.30976060974314,6.0,4.841788540939074,8.174299537765936,-0.8824784726242274,71.01888597918169,0.3974658112822104,0.42707642979293137,0
51.475328087634935,6.0,11.265425516282683,16.705084847404954,-4.421953214710281,44.443145424888044,0.4369832765290651,0.49151695889533,1
65.11791074846927,6.0,2.315208864620412,5.631968842967857,0.4070682359069824,91.55792081142343,0.12907195785487996,0.41665937658437047,0
71.68144375090169,14.0,5.68345198016015,4.971818926258055,-2.4295234973503934,59.77347237527468,0.1780108260695718,0.16870502568602136,0
76.12123613871084,12.0,11.163163809012772,6.018962272493432,0.29426262924172997,55.478486752281285,0.3920116908174545,0.2883938366703608,0
97.67475025736576,6.0,3.9010623229044077,0.31016653522532955,2.5341337010498997,67.24720281651369,0.22785494847852045,0.3523110875465264,0
41.46177587658107,5.0,9.228510453814243,13.404948007131209,-3.5685217182802345,40.06486916206114,0.5550166817492674,0.37858690760762337,1
40.7170702084181,2.0,8.836335352906431,12.55369874382075,-2.381272308772794,44.480135511568676,0.8628772487211209,0.677179122622976,1
28.05684563695488,7.0,8.722294532724462,6.4486235670859715,-1.3421495746335481,31.926329027282733,0.8163032457272927,0.5557561353962743,1
27.773076489827286,4.0,10.527852133939234,2.603519637736591,-1.4705963494411256,46.013818155884714,0.7833672024756191,0.46537483631736654,1
66.11264163405599,11.0,12.69461662147565,0.0,-4.143142424399091,34.806387455981046,0.4845797292559727,0.5359199653789618,1
72.20920297784014,16.0,7.334155183993239,1.7644075875356129,3.5471246875112055,57.93817566771067,0.1563767112653586,0.34823574736120927,0
87.06964620696034,6.0,3.68268311435408,6.290002337153468,-1.9005028405705742,65.4263037597827,0.27077209205335484,0.47104419044899637,0
73.37065080205399,9.0,9.5191298096799,4.446875623727049,2.777691426304548,72.71745751268365,0.2764606857230842,0.1977890716095838,0
81.626125334244,14.0,6.503032562127553,0.003647711770413231,0.7909569216536039,52.33794912643082,0.0,0.13892668188562485,0
76.63852835628039,10.0,1.486115550835077,1.5967201229936854,-0.2975159752393248,59.17669106782888,0.36550878853114055,0.12223163884191152,0
85.52546092966004,12.0,5.620366552788934,5.262637059017108,2.389272450008157,94.06236223648754,0.17244555703152498,0.19508492219021017,0
79.05693088458248,10.0,2.820152483933809,8.777504901016888,1.7976960888767874,66.84339151419667,0.3336456744273614,0.34123874573042084,0
75.60721692510388,17.0,8.6631740055209,0.0,2.482607429514655,62.18587499745995,0.28796201120316445,0.2781624163026184,0
73.73090830076264,8.0,5.626296117593236,6.147181843224317,-0.7450656664808271,53.40896339375442,0.5164583105246798,0.15559220131104518,0
68.95855929967794,13.0,6.498379489068993,0.5030159802828615,4.895619422899209,69.75797579952618,0.20779221932766742,0.22733632767502332,0
55.460241694260745,9.0,7.987953195836303,1.5043391510085526,1.2090101310187018,74.31918710458606,0.0,0.2553883580661733,0
51.86603607426759,11.0,3.0034068601269635,1.5289120702859997,2.1113798371098422,87.1605902821307,0.0,0.4586812580787541,0
37.979265897327934,8.0,7.100830860734732,4.692318384865832,-0.37832939854481173,82.62025380469504,0.126790484241395,0.16693674289776253,0
72.4064425647121,9.0,3.152366110888038,3.3851732009150948,-0.05238073825144807,64.3595965995411,0.10751574529294951,0.24267741493457629,1
21.763148429179985,8.0,4.44709820099899,17.19350943796251,0.1360555074475438,51.284536735169084,0.5104972519941579,0.7569043469039618,1
67.86904805879989,10.0,5.308669063013586,7.094239188822115,4.156063588653927,60.18890344713482,0.11154886859151951,0.1295732756827911,0
72.72821840013455,14.0,4.1424652957194805,1.0903959315671763,4.213537184237121,56.31695132429868,0.38176541146130205,0.2232570178125479,1
66.81729592514385,8.0,3.1047685631141766,0.4910068117194495,-0.17734408064526974,72.60702207301388,0.0,0.27828093513968744,0
80.30385161663662,11.0,2.6665619765413275,4.736570742985103,1.080188124645675,87.20918612876655,0.13893122859568652,0.2485871097688918,0
60.69390342455277,7.0,6.445718888421076,3.295204401136134,-1.0318677171827442,100.0,0.18700136234299344,0.3576010290670025,0
68.5346760479642,14.0,6.561631265753776,0.0,-1.5283077175273807,82.03669690714511,0.03091089718002138,0.33096345943778865,0
52.130602501996535,10.0,12.983063326654124,13.076583763753415,1.6748586562822947,23.130500477400513,0.6185213035250319,0.68097424075622,1
68.81552552587064,12.0,0.5,3.428313056628996,-0.3060934783864473,82.85300287061115,0.3692546167576009,0.3549684304368884,0
81.08771695996249,19.0,9.621298762168587,3.8214984151397893,3.325294728063607,67.26930208313796,0.2163707667652968,0.2068382873913776,0
69.06398921275643,8.0,3.5377968212373734,0.0,-0.032434491951133904,50.61544672751961,0.012589765835758382,0.3608015988597839,0
69.35644883233482,7.0,13.116321066453656,2.4213830836175942,2.8919683595135837,85.15076262839027,0.14179962516969946,0.18342030017182537,0
27.662068690757955,5.0,2.234223609192587,4.313283528374716,-2.455917825135132,28.587441597930507,0.6412104935931736,0.667520218994772,1
60.500234620260294,8.0,6.849753147578479,0.5366648793906155,0.29634358101457936,27.799398924450006,0.8162298860643191,0.46999084979829253,1
81.11863256844933,10.0,5.759152442947878,7.833299090774981,-1.6556672658266314,93.0165084151084,0.21665900820483017,0.3212773632053768,0
44.18507131994486,9.0,8.270176361088529,16.376457817199327,-3.1403888931617474,60.291011900626756,0.633631104452314,0.6491276269449504,1
92.94551287819834,13.0,6.794267592823945,3.729969223229142,0.464600757507345,71.95767733020975,0.12341286814543294,0.6253852338910999,0
67.9310947450767,11.0,1.407693903543568,4.297279025565787,-0.38797885566383816,67.39064603655277,0.0,0.33263339727347985,0
59.28193288372941,13.0,9.83485457550764,6.745805159939634,1.629719777789584,71.84740221860935,0.29902998785498536,0.3194893298172349,0
84.11340589407637,11.0,8.093546977818551,0.0,-0.7536169861499427,85.41201162733805,0.3704495350676087,0.32866136955811304,0
80.66473888930777,13.0,7.985753024570927,2.099103745164563,2.0513276252735295,54.80610716473291,0.3151093534118548,0.45925527094880736,0
28.03371985492542,6.0,18.92062529794042,6.869914317399881,-3.479511571481644,55.13775610169243,0.4047418469111236,0.5504848016773696,1
53.98548358432821,8.0,3.808548116031358,7.537629854779926,-1.927420467894608,30.515596636260142,0.6171059897851673,0.846702411521093,1
59.50064066400967,11.0,4.503574294078191,6.181507749040847,0.26335525337168175,77.58876510768175,0.053272651753811406,0.10419670749926821,0
57.99192453207069,6.0,12.440358057064302,7.1853473809268635,-3.1330476734507187,35.05921917802521,0.38689285817034813,0.43574590018696047,1
61.40510208158052,12.0,8.331659890950178,5.903138963487253,1.9845141541422966,67.52278566290127,0.10964048802323126,0.42263418964031046,0
71.67574950020452,11.0,6.905383653706699,0.5977940817300178,-1.5241243531689108,64.2382762705947,0.11694988991291376,0.18645890183544284,0
79.82254337174355,11.0,3.359809976772396,9.274164085940388,-0.9397678271625145,79.25081088982307,0.2500075793595903,0.3581053713738701,0
67.29602927547761,19.0,8.775403056793024,0.9851576823991208,-1.3783073106570283,75.71692211218291,0.05504939379867865,0.13699868001257065,0
29.700215948112152,9.0,10.808922996583652,11.317786121405891,-1.003972978571548,39.09671043934377,0.5905560676359829,0.5355781611713659,1
78.92978707039347,10.0,4.16976499375234,0.5895357324597144,3.8178863130729273,72.6123180231124,0.11958141801841776,0.25831658940792623,0
71.57311892663529,17.0,8.378216660026252,12.260731647020013,2.4282710482334116,85.83312914757035,0.17393919117212375,0.15092139139335334,1
51.28876211277928,8.0,6.397115076975082,15.282451562887374,-1.8839314849249762,59.92103968934578,0.5447465667833937,0.6067917761342174,1
73.12571533487666,9.0,8.557508315279325,0.0,2.45618365633032,62.899316996168125,0.22125508798846782,0.11174360654857596,0
64.31641486372855,9.0,1.4339394743432656,6.0241661837507205,0.06962394353822754,77.61504371856675,0.1871798394605907,0.3109451192851291,0
59.739451526507935,8.0,2.339447373264079,8.509604242092063,3.4576489258450103,69.56125249282391,0.036222361400327474,0.20379391204473343,0
54.76029239762984,14.0,7.278178615671859,1.5285137022804651,0.603102149019786,82.2300388348091,0.1428416470266931,0.3108924027154196,0
67.68568704809755,8.0,9.759413020575977,0.0,0.2592739727188106,70.38764069506502,0.5084996018809689,0.025206229176214234,0
64.57975513679753,11.0,8.450535088630286,2.842365661734263,-0.1435777999549508,76.98121773469403,0.04844263330385673,0.3801652878012533,0
40.894411483015624,5.0,13.035174156968528,11.386219542794649,0.07903215470962599,47.66345067616399,0.4808066334179585,0.4427806892237054,1
85.23715135359797,11.0,7.373812128236265,9.170232270814896,3.603460062079102,71.11165341274005,0.2521681131904051,0.18875683453837405,1
57.057976664398666,3.0,8.644905282489788,5.091060510257234,1.172769474863843,58.48590595433134,0.6674744568213189,0.6863190402857852,1
82.7368223051807,9.0,9.23022052383479,2.300674336009614,-1.0322159853686748,75.40145855020769,0.13999182170845398,0.2989924521452118,0
82.57942269247997,13.0,13.131870913637828,0.13782756065321333,1.2594493236580442,66.83130393755012,0.23438244389125962,0.30525277990999033,0
89.32711468654456,6.0,13.162000865415528,5.374706431857584,2.5734947083233592,64.21756144979763,0.1833499913089494,0.40800339348332415,0
83.66293555673627,5.0,3.619604926720177,4.149400103565813,0.6160154771466455,49.427816133924416,0.2144014931425396,0.23860405781942717,0
41.827610990687525,6.0,10.616860544075893,8.227185442046341,-3.3358476101846635,37.897574142270734,0.5405159356373607,0.8126607106983541,1
78.18043581477326,7.0,6.696024391064907,14.27863161987488,2.557291674849184,54.9495467254898,0.6747052440004346,0.7083744697158985,1
85.37419813020867,10.0,9.827665424530686,8.073332650911999,-0.8700044602817341,65.06569226891389,0.35726177865613307,0.2631586770880374,0
87.24143845655013,11.0,1.0970824099243002,0.9652683113194116,-2.525883095664642,75.86628845401172,0.0,0.28412479580962025,0
22.523201600675325,10.0,5.704433821194997,12.548244842172519,-1.9056559273199993,36.01940468932161,0.5885504845808951,0.583361086148363,1
70.5877782007453,18.0,0.5,4.171479508005482,1.2356132429732896,84.5399631637735,0.4163591422419103,0.2555979520190663,0
55.975450455049355,4.0,9.724022146923387,22.47541703374866,-2.9974654276316084,52.669915463671856,0.5026111932973498,0.6137993007233804,1
77.00888743893593,12.0,6.699641449190241,8.409261813955048,1.2601392082271632,52.70056986859056,0.04061822782883273,0.2980998898157482,0
81.62643189120813,9.0,6.278503124552817,5.553712564534399,0.37908681792197096,70.50683694963757,0.3326049972517116,0.2905202803227811,0
72.5772301643428,5.0,2.9401933218684206,4.663688626001868,1.5057414222400034,79.74198058437489,0.4295005707922287,0.27658497414264416,0
58.2774032754004,11.0,6.006924456666401,7.607582702943706,-1.5279941719540917,50.562619786142,0.03792974708631802,0.28119752004217163,0
68.27967914042675,9.0,4.780436469256255,7.708431918186803,0.029572995879625363,89.87937811275452,0.4305410466850151,0.28728151142870695,0
78.64731267517456,10.0,9.866639276658344,4.843027766460437,0.9073005523190596,66.48615651176294,0.0897653238977929,0.3827559279089504,0
80.64248605965314,10.0,0.5,0.0,1.1953172236260834,97.58685951677568,0.11520337061903774,0.392293741873617,0
88.57620618671518,10.0,7.3948879342875244,2.4835750540104953,1.1966343790100564,63.80373666814887,0.3639319093967178,0.2536025682810739,0
53.27938217215491,8.0,0.5,3.0291242774545295,2.0502062681268622,92.96395935056998,0.4729686424873746,0.10279043323391665,0
92.238620901321,5.0,10.633975584280417,7.474134089968363,2.113359719564519,65.11080380680173,0.3350687248026336,0.38608544768316494,0
60.733072504256725,11.0,8.646272494230889,3.2267443968485985,-1.8447009445071565,17.15501466490492,0.754612883754771,0.6429995125104988,1
83.1375969822679,8.0,3.5098266877143214,8.293739737870045,-1.1142421083046952,46.897341512484644,0.24000282123944733,0.22621861259729303,0
50.10201125060385,17.0,9.827654653495852,2.7065222655834167,-1.1635102444092438,91.39159650212221,0.28915839672177096,0.23036584863096687,0
73.7065781750407,8.0,8.649340782946577,3.636355585829141,-0.8666463258770121,73.66444532604076,0.017560481352040858,0.21936080389600704,0
73.14225807605611,13.0,8.750041198493808,7.807975954113497,2.980089006020282,88.199696940286,0.20343671492373847,0.16785285856808213,0
56.8818430535143,16.0,6.353719421672584,0.7158835513412534,2.3297828137692846,78.58333967085116,0.3541036604635388,0.3205686351302567,0
73.9834270372599,9.0,10.162841647278547,0.0,3.902694177504972,88.89188303777158,0.043898751096603544,0.0,0
93.09514363760243,12.0,1.9862968441612274,0.0,3.275978580041552,67.47860978629058,0.027222686131768703,0.2529376492678601,0
55.37616616248697,8.0,3.0078026894177032,3.788397349464502,-1.1371429997137177,54.346824247426,0.46685839204273144,0.28769936625699205,0
66.83597889774742,10.0,3.708804883394328,6.2101266333399225,-4.2334731767906355,63.72300955898329,0.4338693210365882,0.28093762016837254,0
25.174136328317804,4.0,9.403126915800925,3.9784370216193263,0.8737408978113002,76.1896299381544,0.7071093896597593,0.4847580421807684,1
66.21320380335277,7.0,6.4894487334431314,7.983265576949314,-0.6762397649322528,40.59408124968281,1.0,0.6458273224953144,1
80.30188748036325,9.0,9.29285857711004,9.290082453190132,-1.6739385949384318,89.18396365186807,0.07131335320007157,0.20663591452132518,0
60.15708041981645,16.0,6.641706796305478,5.917487997669452,2.9841097875396567,87.88607130160479,0.28427447184898585,0.4166186511024396,1
57.761478952033194,6.0,13.239217699725469,7.965373267146921,-2.3603800002238238,22.962077138641348,0.5261215184483474,0.5061147247057363,1
42.47693779645088,5.0,6.641616896634171,0.06940623587164296,-4.6427324956221865,21.102024084858005,0.6530654302568127,0.7414260482926878,1
57.59731148779582,12.0,2.8985208985046427,4.525448252157322,0.9648534840081606,77.62548356040956,0.34470205765287,0.34206844853619867,0
34.65018390796673,4.0,5.71381424202626,14.784281332527456,-5.442454788088735,28.939500287407,0.7046485830556073,0.42552457804765287,1
45.57349197286003,8.0,7.456463606554101,11.276467516767248,-3.5185650584987544,12.072779069030435,0.7137336708727358,0.7246197135232972,1
86.99819497814212,14.0,5.126863646279812,7.844305292369967,-0.2680489384436753,85.52530802138999,0.40500513251208153,0.24190334355775528,0
34.595458265172624,9.0,8.752751236387804,20.33595730980663,-2.23042706967767,52.103986548642524,0.31980816879506274,0.511951893063165,1
64.72045144392808,14.0,13.495427784297018,0.8254086929737947,1.713517360075836,56.554347752044066,0.1736026596918233,0.5144510126342547,1
33.74711952603994,5.0,12.45418203092467,20.41419098779332,-4.32407902575903,67.30881315279126,0.3638134116163672,0.7732946022513763,1
69.08759684388997,13.0,0.5,5.408022898642566,1.2128404770487042,81.41938479320754,0.3274697806465613,0.25855107248242704,0
53.9778397316079,5.0,8.363215061646477,21.08112632336351,4.966987326497025,55.07819153810535,0.5182413585398439,0.6744672736427918,1
58.87040843335182,8.0,2.765897637770969,11.056494800348368,-1.8759848871391591,41.591707936404354,0.21116308307540396,0.1325203393280188,0
71.65070945471082,11.0,8.582371927440962,0.0,4.024386756665825,72.23602938153756,0.21342360534625582,0.14548042772842384,0
65.76684028711037,9.0,8.724003521444025,3.6583883428141566,-0.6860903894818573,75.39430738998087,0.21009822126321512,0.1982145047610982,0
44.00205510927247,4.0,4.918684529423729,10.31510109128175,-0.03194691165564345,40.59858910767374,0.524394402495634,0.49429809131982133,1
56.36574485959325,6.0,10.426169513181799,0.0,-1.1864836742386022,30.310898740160404,0.4729995199479101,0.6032204634961988,1
50.76854278864799,6.0,7.4926964179373945,3.3629853843722066,-0.12117373035377743,63.41198519584712,0.19681721632196109,0.18018125336678242,0
66.66460955519648,10.0,5.483161892161522,2.9335999976577884,0.06256028175328954,100.0,0.12060772747389807,0.011071995994842432,1
63.373884991880686,8.0,6.292766792805217,10.780550670815824,2.462526909443848,41.51699316214669,0.7764785768388707,0.6609827480873848,1
84.76868750389976,14.0,4.828382035518208,3.947458788545199,-0.4944339152627235,82.37678891316422,0.13982058459050573,0.3650212532194138,0
71.2521802525634,12.0,9.130927455899734,5.387057382013177,-0.45360207546201137,65.43841895579371,0.18596163496872764,0.3773647347658131,0
64.88979935048667,12.0,4.318553519644254,2.8210934076481937,3.1856777573925887,73.00826643054559,0.20504657051687952,0.09370417990407176,0
89.68221468406816,16.0,11.890828152185088,5.2128381491497615,1.7247207172060302,71.77901727401313,0.48103996410412875,0.09361245660121789,0
27.720063314396537,4.0,9.6746706648188,19.939519211160935,-2.8440338571322736,34.24654829765851,0.3853940102151172,0.5217464336573203,1
70.82323497327674,12.0,1.5162723438483594,4.32849737668284,-2.1702932491779894,79.70706813517926,0.18269285061241058,0.5206409481458866,0
49.75112163390299,12.0,11.867542414259251,3.121553503041061,0.288959752246703,30.386925768513514,0.31515993867420056,0.29313164315604484,0
67.0973859184066,13.0,0.9439257798501268,3.474649141985498,4.4192674046181875,68.36092674485991,0.3165378069149691,0.5858008066506106,0
66.46917676716996,11.0,15.10590380282165,2.6029801111520157,0.36854257131594215,78.239980218928,0.11766749215677112,0.2616749580062328,0
47.602031991970094,6.0,4.15632865920143,16.448541777070982,-1.9946808799073266,50.91511535297292,0.2659593948419514,0.543630790401437,1
54.745915986166096,5.0,4.676489000937225,17.269226000488374,-4.509481476817603,46.01871879786541,0.6382363748698386,0.7407779092982308,1
80.11117991509887,5.0,5.778058248087159,3.7516477009069975,4.38911901567666,63.797742305641506,0.14919705800769767,0.05803225079387567,0
56.870575503851285,9.0,3.6917678305539665,16.64603120579794,0.06110637864555257,59.97993550733595,0.850632264110547,0.8718208683796848,1
57.38020254409104,10.0,10.607469337457687,9.610145525368644,2.6639226767701256,93.58836231615554,0.24534039936381136,0.2803721348705182,0
64.61171038379167,5.0,5.919141649725708,2.299948729488129,2.210112692399253,80.92627452854099,0.0504229005242226,0.11260099292916972,0
80.56984200586982,11.0,5.988138976474129,7.719334925821104,1.1212918793796147,71.84441404472636,0.17879880036310936,0.21207357535495214,0
64.70522041012559,14.0,6.497727619537178,3.7279574661764188,1.2475693188677113,86.02356195031052,0.1067226762697888,0.05809389937802123,0
42.08565326323798,4.0,18.641337955133633,7.882322606402295,-0.7037366459833534,31.866313403022893,0.7922242285846768,0.5707637685924256,1
90.8855183086038,13.0,8.9441351244431,6.518190151299734,-2.3493038736744776,68.7141269468489,0.2889617049173233,0.2867620942041025,0
49.41150643771764,12.0,6.598756534723969,0.0,6.85165393790182,63.06527963373828,0.14583061640409573,0.4059746643159751,0
59.58583852368096,9.0,11.557251030198646,6.169718746576838,2.489449508128417,52.78838737221471,0.4749051846318104,0.17560153124379352,0
52.664534920729075,4.0,12.698041073256338,3.4619366333008568,-2.0874440797357474,2.4908829271839465,0.6943387112310956,0.2975007398159764,1
39.83323141271552,5.0,2.4352590791023347,0.0,-1.7438566333339838,35.04259408544209,0.6690143114993151,0.48257387646455063,1
76.7945813421947,9.0,6.406978351954294,5.739429532144625,1.2400338043670107,78.14610908235895,0.033160709565807134,0.2786032058468697,0
21.582294449276834,5.0,2.417359105102796,7.293243087141832,-4.502757050953604,14.273381005527291,0.6411793717041153,0.6640447515340154,1
73.85706978937017,7.0,6.646581737377233,13.194184113684328,-1.4915911950100151,68.24861790835506,0.006440183319441378,0.2295878361239064,0
68.60400152938495,12.0,4.912306338549878,6.241369714689327,3.832879895708391,67.36918962629792,0.06650330788511619,0.2778291802987813,0
67.23153908744811,12.0,8.91145724593146,4.352097253288938,-2.7543720878991804,87.87913487061292,0.28165340013138707,0.12356848718183797,0
82.15741031957907,10.0,5.084712378194336,3.3350802974471696,2.1466797816660446,48.118268077052846,0.13412512360281928,0.4665360996785324,0
46.17151752775872,3.0,11.431758134957757,25.73016276634553,-1.752488758869562,37.42183758523212,0.8949414222763119,0.4976251212552857,1
86.91410030105499,6.0,10.699464778949011,0.2976487553823355,0.7105056523934572,64.57521374978295,0.11534431440433822,0.3122299905874708,1
62.2782828366185,10.0,9.275062700633207,2.9368061674184243,3.758329805930652,70.00664980913132,0.23921591874031592,0.08008165126897138,0
79.57734634520631,10.0,3.9332699975722054,4.849997138070763,1.0069623938102998,40.142437584580136,0.16245160854209956,0.4320000592467194,1
59.55888868525298,6.0,5.8706958769028645,0.0,-1.4855630865496472,34.144787383399745,0.7376595170506678,0.7412392516879533,1
80.27263783419353,11.0,4.986727321847173,3.937780433603194,-0.8785512584631288,52.0699558859427,0.4034037223856338,0.15394451026220507,1
57.88595364098445,9.0,15.480424557834574,11.557741202834979,-1.3295024572811274,53.7464187846243,0.5870870184843273,0.6064415553592278,1
84.78948180798935,6.0,2.2722299254392446,0.0,2.7393730332454354,82.12130100905884,0.19101249897522501,0.3320512720059442,0
65.5178194994084,13.0,4.859122369462314,5.54822822901715,1.8412039127097197,78.39323786092066,0.3026473428918506,0.55140282471837,0
61.393364047141716,9.0,2.102442873992721,7.159534203664508,-2.477188783498125,59.42995768220274,0.29801683486341946,0.26669040759365853,0
73.87037132679995,12.0,2.855619438842673,1.3068778030742472,2.5781249580305667,59.4144650102115,0.0718149319495287,0.299912347943746,0
75.63463159047022,14.0,1.7257880199891602,8.140917183192414,1.0598323979446873,45.40572605292039,0.08136014768926869,0.11392005774344308,0
67.96139522865771,9.0,6.367177820337084,0.0,1.7891256876556212,43.3257472260927,0.24425063860858467,0.1043372732674741,0
100.0,17.0,2.9771458586925696,2.2253616437525756,2.5658935862766508,87.26284384751881,0.4270813286159265,0.34887419759317895,1
31.121491973387762,6.0,12.751166154100208,17.82452631804212,-1.1099998656646195,31.811786073428323,0.6393971759617377,0.4905684374987617,1
76.18627641060249,14.0,6.840098971345296,0.0,2.8551905471268486,56.51920557547847,0.14927634677473647,0.2522736525616298,0
45.124176386005466,5.0,8.17713936396207,8.717703696810492,-0.6624170265470268,17.63990084873388,0.5300386385761513,0.5646460399015366,1
59.79814146957366,8.0,5.761805621657353,5.349295478103393,-0.33260224043856845,77.38847188799166,0.3506181395277903,0.20356467522300728,0
60.2671542554013,6.0,6.260880868755907,8.922719516482944,0.9165158116247201,67.71328756917391,0.03577404331742001,0.06747161904841636,0
77.66630489852928,11.0,8.304123606311194,4.080676185175559,-1.3198934021052875,47.09959396528373,0.2594362303949524,0.45980489033900107,0
59.1665190046468,5.0,11.992981371314624,8.762176308157219,-1.9047075194909644,36.33781764739486,0.6107591595433768,0.7551937474018537,1
73.04604349166175,13.0,2.799693165347038,5.700514005967808,1.0882617402431105,49.994865662753654,0.28428792485673726,0.24502646915950232,0
66.70083174147393,12.0,10.133528629813817,2.9740843079195765,-0.5323728262639829,61.75794651385844,0.1577779267950956,0.44863510179018623,0
79.93064143134194,14.0,10.776932486716305,0.0,0.005309972140034702,64.98992504111447,0.3392075548459966,0.211345630399495,0
79.8008877916791,13.0,9.494674067451456,7.487009703433465,3.368376694032193,53.403397128932426,0.4157366526766494,0.23346841695430617,0
83.97354122298478,12.0,11.776358943966382,0.0,0.8385828072199772,60.20031241785081,0.0736866219433992,0.21671720682141105,0
64.49950353443086,12.0,1.3166615562485822,1.5958217222825333,-0.5084677219490703,72.0400999853591,0.03703412981853199,0.4986942223344686,0
66.7052785391761,9.0,12.645003203935383,2.4961470798034604,-4.634112899364762,30.175580279656955,0.9718083641530606,0.8646841348588916,1
24.675293472722863,7.0,11.148170133442743,8.44937545270809,-0.5810829680661244,43.29901855399511,0.6323846526251116,0.6991809577239031,1
70.75928391736359,12.0,6.6030698111967,0.0,-2.2356045148438035,65.43022345836359,0.0,0.513363580545788,0
